ID,index,M1,M2,M3,M4,M5,timestamp,efficiency
CX-00,0,0.585,1.788,1.44,1.342,1.029,0.,97.644
CX-00,0,0.585,1.788,1.44,1.342,1.029,100.,90.796
CX-00,0,0.585,1.788,1.44,1.342,1.029,300.,80.454
CX-00,0,0.585,1.788,1.44,1.342,1.029,400.,83.102
CX-00,0,0.585,1.788,1.44,1.342,1.029,600.,81.030
CX-00,0,0.585,1.788,1.44,1.342,1.029,1200.,71.440
CX-00,0,0.585,1.788,1.44,1.342,1.029,1300.,63.527
CX-00,0,0.585,1.788,1.44,1.342,1.029,1600.,58.214
CX-00,0,0.585,1.788,1.44,1.342,1.029,2100.,57.638
CX-00,0,0.585,1.788,1.44,1.342,1.029,2400.,50.427
CX-00,0,0.585,1.788,1.44,1.342,1.029,2800.,49.176
CX-00,0,0.585,1.788,1.44,1.342,1.029,3300.,46.443
CX-00,0,0.585,1.788,1.44,1.342,1.029,3700.,30.552
CX-00,0,0.585,1.788,1.44,1.342,1.029,3900.,38.276
CX-00,0,0.585,1.788,1.44,1.342,1.029,4000.,42.262
CX-01,1,2.449,0.708,0.227,0.896,0.64,100.,89.584
CX-01,1,2.449,0.708,0.227,0.896,0.64,200.,89.954
CX-01,1,2.449,0.708,0.227,0.896,0.64,300.,83.463
CX-01,1,2.449,0.708,0.227,0.896,0.64,400.,74.921
CX-01,1,2.449,0.708,0.227,0.896,0.64,500.,69.541
CX-01,1,2.449,0.708,0.227,0.896,0.64,600.,83.754
CX-01,1,2.449,0.708,0.227,0.896,0.64,700.,72.363
CX-01,1,2.449,0.708,0.227,0.896,0.64,800.,67.466
CX-01,1,2.449,0.708,0.227,0.896,0.64,900.,69.675
CX-01,1,2.449,0.708,0.227,0.896,0.64,1000.,66.095
CX-01,1,2.449,0.708,0.227,0.896,0.64,1100.,69.464
CX-01,1,2.449,0.708,0.227,0.896,0.64,1200.,63.575
CX-01,1,2.449,0.708,0.227,0.896,0.64,1300.,61.726
CX-01,1,2.449,0.708,0.227,0.896,0.64,1400.,56.384
CX-01,1,2.449,0.708,0.227,0.896,0.64,1500.,60.652
CX-01,1,2.449,0.708,0.227,0.896,0.64,1600.,51.527
CX-01,1,2.449,0.708,0.227,0.896,0.64,1700.,58.463
CX-01,1,2.449,0.708,0.227,0.896,0.64,1800.,61.233
CX-01,1,2.449,0.708,0.227,0.896,0.64,1900.,44.511
CX-01,1,2.449,0.708,0.227,0.896,0.64,2000.,38.366
CX-02,2,0.368,0.286,1.802,0.431,0.603,0.,85.296
CX-02,2,0.368,0.286,1.802,0.431,0.603,500.,89.529
CX-02,2,0.368,0.286,1.802,0.431,0.603,700.,79.407
CX-02,2,0.368,0.286,1.802,0.431,0.603,800.,74.908
CX-02,2,0.368,0.286,1.802,0.431,0.603,1100.,79.604
CX-02,2,0.368,0.286,1.802,0.431,0.603,1400.,78.878
CX-02,2,0.368,0.286,1.802,0.431,0.603,1600.,72.132
CX-02,2,0.368,0.286,1.802,0.431,0.603,1700.,69.197
CX-02,2,0.368,0.286,1.802,0.431,0.603,1900.,61.247
CX-02,2,0.368,0.286,1.802,0.431,0.603,2100.,77.873
CX-02,2,0.368,0.286,1.802,0.431,0.603,2200.,66.753
CX-02,2,0.368,0.286,1.802,0.431,0.603,2300.,55.513
CX-02,2,0.368,0.286,1.802,0.431,0.603,2500.,55.089
CX-02,2,0.368,0.286,1.802,0.431,0.603,3000.,54.213
CX-02,2,0.368,0.286,1.802,0.431,0.603,3100.,45.019
CX-02,2,0.368,0.286,1.802,0.431,0.603,3300.,51.720
CX-02,2,0.368,0.286,1.802,0.431,0.603,3600.,45.836
CX-02,2,0.368,0.286,1.802,0.431,0.603,3800.,52.515
CX-02,2,0.368,0.286,1.802,0.431,0.603,3900.,50.345
CX-02,2,0.368,0.286,1.802,0.431,0.603,4100.,30.324
CX-03,3,3.033,1.183,1.73,0.345,6.224,300.,85.723
CX-03,3,3.033,1.183,1.73,0.345,6.224,500.,82.070
CX-03,3,3.033,1.183,1.73,0.345,6.224,1100.,66.577
CX-03,3,3.033,1.183,1.73,0.345,6.224,1200.,73.693
CX-03,3,3.033,1.183,1.73,0.345,6.224,1500.,60.247
CX-03,3,3.033,1.183,1.73,0.345,6.224,1700.,59.012
CX-03,3,3.033,1.183,1.73,0.345,6.224,1900.,61.477
CX-03,3,3.033,1.183,1.73,0.345,6.224,2200.,57.379
CX-04,4,0.244,2.16,0.496,0.324,1.1,400.,82.853
CX-04,4,0.244,2.16,0.496,0.324,1.1,500.,83.144
CX-04,4,0.244,2.16,0.496,0.324,1.1,600.,78.253
CX-04,4,0.244,2.16,0.496,0.324,1.1,700.,73.595
CX-04,4,0.244,2.16,0.496,0.324,1.1,800.,79.543
CX-04,4,0.244,2.16,0.496,0.324,1.1,900.,66.207
CX-04,4,0.244,2.16,0.496,0.324,1.1,1000.,68.446
CX-04,4,0.244,2.16,0.496,0.324,1.1,1100.,72.415
CX-04,4,0.244,2.16,0.496,0.324,1.1,1200.,64.056
CX-04,4,0.244,2.16,0.496,0.324,1.1,1300.,69.670
CX-04,4,0.244,2.16,0.496,0.324,1.1,1400.,67.950
CX-04,4,0.244,2.16,0.496,0.324,1.1,1500.,71.437
CX-05,5,0.086,22.199,0.497,0.482,2.366,300.,89.269
CX-05,5,0.086,22.199,0.497,0.482,2.366,900.,67.747
CX-06,6,1.301,0.457,1.95,5.958,0.734,200.,84.825
CX-06,6,1.301,0.457,1.95,5.958,0.734,1000.,51.916
CX-06,6,1.301,0.457,1.95,5.958,0.734,1100.,50.301
CX-06,6,1.301,0.457,1.95,5.958,0.734,1500.,47.591
CX-06,6,1.301,0.457,1.95,5.958,0.734,1700.,38.907
CX-06,6,1.301,0.457,1.95,5.958,0.734,1900.,26.696
CX-06,6,1.301,0.457,1.95,5.958,0.734,2000.,37.567
CX-06,6,1.301,0.457,1.95,5.958,0.734,2100.,33.752
CX-06,6,1.301,0.457,1.95,5.958,0.734,2900.,25.323
CX-07,7,0.346,1.768,0.612,1.963,2.734,0.,91.033
CX-08,8,2.101,0.253,0.576,0.622,7.297,100.,103.989
CX-08,8,2.101,0.253,0.576,0.622,7.297,600.,89.864
CX-08,8,2.101,0.253,0.576,0.622,7.297,1600.,68.114
CX-08,8,2.101,0.253,0.576,0.622,7.297,2400.,51.979
CX-08,8,2.101,0.253,0.576,0.622,7.297,2500.,53.034
CX-08,8,2.101,0.253,0.576,0.622,7.297,2700.,54.570
CX-08,8,2.101,0.253,0.576,0.622,7.297,3000.,57.119
CX-09,9,0.457,0.832,1.216,6.271,1.053,0.,88.775
CX-10,10,3.035,0.411,1.952,1.8,1.297,200.,93.592
CX-10,10,3.035,0.411,1.952,1.8,1.297,300.,86.469
CX-10,10,3.035,0.411,1.952,1.8,1.297,400.,89.723
CX-10,10,3.035,0.411,1.952,1.8,1.297,600.,81.001
CX-10,10,3.035,0.411,1.952,1.8,1.297,900.,65.768
CX-10,10,3.035,0.411,1.952,1.8,1.297,1100.,67.285
CX-10,10,3.035,0.411,1.952,1.8,1.297,1400.,66.421
CX-10,10,3.035,0.411,1.952,1.8,1.297,1500.,52.715
CX-10,10,3.035,0.411,1.952,1.8,1.297,1900.,48.312
CX-10,10,3.035,0.411,1.952,1.8,1.297,2900.,32.833
CX-10,10,3.035,0.411,1.952,1.8,1.297,3000.,28.001
CX-11,11,2.226,1.275,0.949,1.27,0.481,200.,81.496
CX-11,11,2.226,1.275,0.949,1.27,0.481,600.,76.976
CX-11,11,2.226,1.275,0.949,1.27,0.481,2400.,27.956
CX-11,11,2.226,1.275,0.949,1.27,0.481,2800.,36.430
CX-12,12,0.579,3.525,1.455,0.206,0.425,200.,90.950
CX-12,12,0.579,3.525,1.455,0.206,0.425,400.,84.168
CX-12,12,0.579,3.525,1.455,0.206,0.425,500.,84.738
CX-12,12,0.579,3.525,1.455,0.206,0.425,800.,79.262
CX-12,12,0.579,3.525,1.455,0.206,0.425,900.,76.517
CX-12,12,0.579,3.525,1.455,0.206,0.425,1000.,70.288
CX-12,12,0.579,3.525,1.455,0.206,0.425,1200.,71.423
CX-12,12,0.579,3.525,1.455,0.206,0.425,1300.,77.128
CX-12,12,0.579,3.525,1.455,0.206,0.425,1400.,59.452
CX-12,12,0.579,3.525,1.455,0.206,0.425,1700.,64.211
CX-12,12,0.579,3.525,1.455,0.206,0.425,2000.,50.239
CX-12,12,0.579,3.525,1.455,0.206,0.425,2300.,57.512
CX-12,12,0.579,3.525,1.455,0.206,0.425,2500.,50.193
CX-12,12,0.579,3.525,1.455,0.206,0.425,3000.,37.373
CX-12,12,0.579,3.525,1.455,0.206,0.425,3200.,46.052
CX-12,12,0.579,3.525,1.455,0.206,0.425,3300.,53.550
CX-12,12,0.579,3.525,1.455,0.206,0.425,3800.,39.954
CX-12,12,0.579,3.525,1.455,0.206,0.425,3900.,44.279
CX-12,12,0.579,3.525,1.455,0.206,0.425,4000.,37.195
CX-12,12,0.579,3.525,1.455,0.206,0.425,4100.,25.870
CX-12,12,0.579,3.525,1.455,0.206,0.425,4300.,37.383
CX-12,12,0.579,3.525,1.455,0.206,0.425,4600.,30.400
CX-13,13,2.382,0.418,1.903,0.39,1.706,400.,83.037
CX-13,13,2.382,0.418,1.903,0.39,1.706,1000.,70.224
CX-13,13,2.382,0.418,1.903,0.39,1.706,1300.,64.146
CX-13,13,2.382,0.418,1.903,0.39,1.706,1400.,47.757
CX-13,13,2.382,0.418,1.903,0.39,1.706,1500.,53.764
CX-14,14,0.561,0.416,0.099,7.55,0.333,200.,87.260
CX-14,14,0.561,0.416,0.099,7.55,0.333,300.,70.614
CX-14,14,0.561,0.416,0.099,7.55,0.333,400.,73.714
CX-14,14,0.561,0.416,0.099,7.55,0.333,700.,58.932
CX-14,14,0.561,0.416,0.099,7.55,0.333,1000.,49.014
CX-14,14,0.561,0.416,0.099,7.55,0.333,1200.,40.286
CX-14,14,0.561,0.416,0.099,7.55,0.333,1400.,45.196
CX-14,14,0.561,0.416,0.099,7.55,0.333,1800.,34.476
CX-14,14,0.561,0.416,0.099,7.55,0.333,2100.,32.251
CX-14,14,0.561,0.416,0.099,7.55,0.333,2400.,22.565
CX-15,15,0.542,0.682,1.21,0.232,1.144,300.,89.862
CX-16,16,0.169,0.691,0.11,0.765,0.116,100.,94.652
CX-16,16,0.169,0.691,0.11,0.765,0.116,500.,87.363
CX-16,16,0.169,0.691,0.11,0.765,0.116,600.,78.190
CX-16,16,0.169,0.691,0.11,0.765,0.116,900.,81.306
CX-16,16,0.169,0.691,0.11,0.765,0.116,1000.,83.915
CX-16,16,0.169,0.691,0.11,0.765,0.116,1300.,75.258
CX-16,16,0.169,0.691,0.11,0.765,0.116,1400.,63.002
CX-16,16,0.169,0.691,0.11,0.765,0.116,1800.,66.244
CX-16,16,0.169,0.691,0.11,0.765,0.116,1900.,58.893
CX-16,16,0.169,0.691,0.11,0.765,0.116,2000.,60.909
CX-16,16,0.169,0.691,0.11,0.765,0.116,2100.,61.344
CX-16,16,0.169,0.691,0.11,0.765,0.116,2300.,52.125
CX-16,16,0.169,0.691,0.11,0.765,0.116,2400.,63.506
CX-16,16,0.169,0.691,0.11,0.765,0.116,2500.,55.250
CX-16,16,0.169,0.691,0.11,0.765,0.116,2800.,56.007
CX-16,16,0.169,0.691,0.11,0.765,0.116,3000.,52.980
CX-16,16,0.169,0.691,0.11,0.765,0.116,3300.,53.345
CX-16,16,0.169,0.691,0.11,0.765,0.116,3400.,51.571
CX-16,16,0.169,0.691,0.11,0.765,0.116,4100.,31.727
CX-16,16,0.169,0.691,0.11,0.765,0.116,4200.,38.464
CX-16,16,0.169,0.691,0.11,0.765,0.116,4300.,26.744
CX-16,16,0.169,0.691,0.11,0.765,0.116,4400.,34.372
CX-16,16,0.169,0.691,0.11,0.765,0.116,4500.,39.385
CX-16,16,0.169,0.691,0.11,0.765,0.116,4600.,39.604
CX-16,16,0.169,0.691,0.11,0.765,0.116,4700.,40.717
CX-17,17,1.066,3.434,4.737,0.676,42.591,300.,89.005
CX-17,17,1.066,3.434,4.737,0.676,42.591,400.,85.031
CX-17,17,1.066,3.434,4.737,0.676,42.591,500.,82.661
CX-17,17,1.066,3.434,4.737,0.676,42.591,600.,90.506
CX-17,17,1.066,3.434,4.737,0.676,42.591,700.,86.141
CX-17,17,1.066,3.434,4.737,0.676,42.591,900.,80.231
CX-17,17,1.066,3.434,4.737,0.676,42.591,1000.,70.374
CX-17,17,1.066,3.434,4.737,0.676,42.591,1300.,80.227
CX-17,17,1.066,3.434,4.737,0.676,42.591,1400.,69.189
CX-17,17,1.066,3.434,4.737,0.676,42.591,1500.,62.894
CX-17,17,1.066,3.434,4.737,0.676,42.591,1600.,62.535
CX-17,17,1.066,3.434,4.737,0.676,42.591,1700.,60.250
CX-17,17,1.066,3.434,4.737,0.676,42.591,1800.,71.815
CX-17,17,1.066,3.434,4.737,0.676,42.591,2000.,59.365
CX-18,18,0.319,1.821,0.416,2.277,3.031,100.,87.314
CX-18,18,0.319,1.821,0.416,2.277,3.031,1000.,66.403
CX-18,18,0.319,1.821,0.416,2.277,3.031,1200.,58.904
CX-18,18,0.319,1.821,0.416,2.277,3.031,1400.,63.110
CX-18,18,0.319,1.821,0.416,2.277,3.031,1900.,56.026
CX-18,18,0.319,1.821,0.416,2.277,3.031,2000.,56.246
CX-18,18,0.319,1.821,0.416,2.277,3.031,2300.,39.066
CX-19,19,0.234,1.079,2.209,1.649,2.02,0.,95.355
CX-19,19,0.234,1.079,2.209,1.649,2.02,400.,76.608
CX-19,19,0.234,1.079,2.209,1.649,2.02,700.,71.615
CX-19,19,0.234,1.079,2.209,1.649,2.02,1100.,73.291
CX-20,20,0.293,0.467,0.364,2.414,1.311,300.,83.397
CX-21,21,2.471,1.919,2.53,0.561,0.455,100.,94.244
CX-21,21,2.471,1.919,2.53,0.561,0.455,300.,92.652
CX-21,21,2.471,1.919,2.53,0.561,0.455,800.,66.960
CX-21,21,2.471,1.919,2.53,0.561,0.455,900.,72.724
CX-21,21,2.471,1.919,2.53,0.561,0.455,1000.,77.953
CX-21,21,2.471,1.919,2.53,0.561,0.455,1100.,72.530
CX-21,21,2.471,1.919,2.53,0.561,0.455,1200.,72.174
CX-21,21,2.471,1.919,2.53,0.561,0.455,1400.,58.522
CX-21,21,2.471,1.919,2.53,0.561,0.455,1500.,69.050
CX-21,21,2.471,1.919,2.53,0.561,0.455,1600.,54.768
CX-22,22,6.549,1.668,2.413,0.545,0.618,200.,81.759
CX-22,22,6.549,1.668,2.413,0.545,0.618,700.,72.436
CX-22,22,6.549,1.668,2.413,0.545,0.618,900.,61.704
CX-22,22,6.549,1.668,2.413,0.545,0.618,1000.,56.255
CX-23,23,2.086,0.566,0.695,1.038,2.073,100.,88.588
CX-23,23,2.086,0.566,0.695,1.038,2.073,600.,73.471
CX-23,23,2.086,0.566,0.695,1.038,2.073,1100.,67.178
CX-23,23,2.086,0.566,0.695,1.038,2.073,1700.,54.131
CX-23,23,2.086,0.566,0.695,1.038,2.073,2000.,54.882
CX-23,23,2.086,0.566,0.695,1.038,2.073,2100.,45.698
CX-24,24,0.848,0.377,1.918,1.303,1.561,200.,79.951
CX-24,24,0.848,0.377,1.918,1.303,1.561,600.,79.570
CX-24,24,0.848,0.377,1.918,1.303,1.561,1000.,79.312
CX-24,24,0.848,0.377,1.918,1.303,1.561,1300.,52.908
CX-24,24,0.848,0.377,1.918,1.303,1.561,1400.,65.138
CX-24,24,0.848,0.377,1.918,1.303,1.561,1700.,41.976
CX-24,24,0.848,0.377,1.918,1.303,1.561,2200.,49.852
CX-24,24,0.848,0.377,1.918,1.303,1.561,2300.,43.034
CX-24,24,0.848,0.377,1.918,1.303,1.561,2700.,54.004
CX-24,24,0.848,0.377,1.918,1.303,1.561,2800.,43.811
CX-24,24,0.848,0.377,1.918,1.303,1.561,2900.,38.255
CX-24,24,0.848,0.377,1.918,1.303,1.561,3100.,37.438
CX-25,25,0.854,1.927,4.666,2.017,0.293,200.,86.894
CX-25,25,0.854,1.927,4.666,2.017,0.293,500.,71.516
CX-25,25,0.854,1.927,4.666,2.017,0.293,600.,67.697
CX-25,25,0.854,1.927,4.666,2.017,0.293,700.,77.560
CX-25,25,0.854,1.927,4.666,2.017,0.293,800.,74.528
CX-25,25,0.854,1.927,4.666,2.017,0.293,1000.,62.603
CX-25,25,0.854,1.927,4.666,2.017,0.293,1100.,74.110
CX-25,25,0.854,1.927,4.666,2.017,0.293,1200.,59.154
CX-25,25,0.854,1.927,4.666,2.017,0.293,1300.,56.405
CX-25,25,0.854,1.927,4.666,2.017,0.293,1400.,63.759
CX-25,25,0.854,1.927,4.666,2.017,0.293,1500.,59.902
CX-25,25,0.854,1.927,4.666,2.017,0.293,1600.,56.344
CX-25,25,0.854,1.927,4.666,2.017,0.293,1700.,55.206
CX-25,25,0.854,1.927,4.666,2.017,0.293,1800.,55.101
CX-25,25,0.854,1.927,4.666,2.017,0.293,1900.,51.769
CX-25,25,0.854,1.927,4.666,2.017,0.293,2000.,50.131
CX-25,25,0.854,1.927,4.666,2.017,0.293,2100.,40.082
CX-25,25,0.854,1.927,4.666,2.017,0.293,2200.,41.460
CX-25,25,0.854,1.927,4.666,2.017,0.293,2300.,49.872
CX-25,25,0.854,1.927,4.666,2.017,0.293,2400.,41.981
CX-25,25,0.854,1.927,4.666,2.017,0.293,2500.,46.951
CX-25,25,0.854,1.927,4.666,2.017,0.293,2600.,49.161
CX-25,25,0.854,1.927,4.666,2.017,0.293,2700.,40.002
CX-25,25,0.854,1.927,4.666,2.017,0.293,2800.,42.018
CX-25,25,0.854,1.927,4.666,2.017,0.293,2900.,49.846
CX-25,25,0.854,1.927,4.666,2.017,0.293,3100.,40.753
CX-25,25,0.854,1.927,4.666,2.017,0.293,3200.,45.441
CX-25,25,0.854,1.927,4.666,2.017,0.293,3300.,42.881
CX-26,26,0.546,3.035,1.041,0.964,1.0,100.,80.852
CX-26,26,0.546,3.035,1.041,0.964,1.0,200.,90.861
CX-26,26,0.546,3.035,1.041,0.964,1.0,300.,90.832
CX-26,26,0.546,3.035,1.041,0.964,1.0,400.,88.563
CX-26,26,0.546,3.035,1.041,0.964,1.0,500.,82.721
CX-26,26,0.546,3.035,1.041,0.964,1.0,600.,83.381
CX-26,26,0.546,3.035,1.041,0.964,1.0,700.,83.949
CX-26,26,0.546,3.035,1.041,0.964,1.0,1500.,60.214
CX-26,26,0.546,3.035,1.041,0.964,1.0,1700.,66.389
CX-26,26,0.546,3.035,1.041,0.964,1.0,1800.,47.602
CX-26,26,0.546,3.035,1.041,0.964,1.0,2300.,43.365
CX-26,26,0.546,3.035,1.041,0.964,1.0,2400.,43.732
CX-26,26,0.546,3.035,1.041,0.964,1.0,2500.,34.663
CX-26,26,0.546,3.035,1.041,0.964,1.0,2600.,40.553
CX-26,26,0.546,3.035,1.041,0.964,1.0,2800.,49.240
CX-26,26,0.546,3.035,1.041,0.964,1.0,3000.,46.795
CX-26,26,0.546,3.035,1.041,0.964,1.0,3100.,39.920
CX-26,26,0.546,3.035,1.041,0.964,1.0,3200.,46.917
CX-26,26,0.546,3.035,1.041,0.964,1.0,3700.,34.363
CX-26,26,0.546,3.035,1.041,0.964,1.0,4000.,27.927
CX-26,26,0.546,3.035,1.041,0.964,1.0,4100.,30.759
CX-26,26,0.546,3.035,1.041,0.964,1.0,4200.,28.025
CX-26,26,0.546,3.035,1.041,0.964,1.0,4800.,27.827
CX-27,27,0.214,0.658,1.081,2.463,0.296,400.,69.877
CX-27,27,0.214,0.658,1.081,2.463,0.296,500.,65.240
CX-27,27,0.214,0.658,1.081,2.463,0.296,600.,78.538
CX-27,27,0.214,0.658,1.081,2.463,0.296,700.,69.257
CX-27,27,0.214,0.658,1.081,2.463,0.296,800.,65.546
CX-27,27,0.214,0.658,1.081,2.463,0.296,900.,64.860
CX-27,27,0.214,0.658,1.081,2.463,0.296,1000.,57.611
CX-27,27,0.214,0.658,1.081,2.463,0.296,1100.,63.948
CX-27,27,0.214,0.658,1.081,2.463,0.296,1200.,67.191
CX-27,27,0.214,0.658,1.081,2.463,0.296,1300.,64.515
CX-27,27,0.214,0.658,1.081,2.463,0.296,1400.,49.271
CX-27,27,0.214,0.658,1.081,2.463,0.296,1500.,62.246
CX-27,27,0.214,0.658,1.081,2.463,0.296,1600.,49.984
CX-27,27,0.214,0.658,1.081,2.463,0.296,1700.,42.665
CX-27,27,0.214,0.658,1.081,2.463,0.296,1800.,44.553
CX-27,27,0.214,0.658,1.081,2.463,0.296,1900.,44.383
CX-27,27,0.214,0.658,1.081,2.463,0.296,2000.,47.740
CX-27,27,0.214,0.658,1.081,2.463,0.296,2200.,39.858
CX-27,27,0.214,0.658,1.081,2.463,0.296,2300.,36.148
CX-28,28,1.083,14.269,0.15,2.99,0.278,200.,82.594
CX-28,28,1.083,14.269,0.15,2.99,0.278,900.,58.067
CX-28,28,1.083,14.269,0.15,2.99,0.278,1100.,46.330
CX-28,28,1.083,14.269,0.15,2.99,0.278,1900.,30.367
CX-29,29,4.228,0.591,0.183,1.221,2.029,0.,84.253
CX-29,29,4.228,0.591,0.183,1.221,2.029,100.,88.259
CX-29,29,4.228,0.591,0.183,1.221,2.029,200.,84.538
CX-29,29,4.228,0.591,0.183,1.221,2.029,500.,80.572
CX-29,29,4.228,0.591,0.183,1.221,2.029,800.,77.561
CX-29,29,4.228,0.591,0.183,1.221,2.029,900.,78.639
CX-29,29,4.228,0.591,0.183,1.221,2.029,1000.,68.899
CX-29,29,4.228,0.591,0.183,1.221,2.029,1100.,54.175
CX-29,29,4.228,0.591,0.183,1.221,2.029,1300.,53.836
CX-29,29,4.228,0.591,0.183,1.221,2.029,1400.,55.144
CX-29,29,4.228,0.591,0.183,1.221,2.029,1500.,62.363
CX-29,29,4.228,0.591,0.183,1.221,2.029,1600.,53.588
CX-29,29,4.228,0.591,0.183,1.221,2.029,1700.,54.468
CX-29,29,4.228,0.591,0.183,1.221,2.029,1800.,45.888
CX-29,29,4.228,0.591,0.183,1.221,2.029,1900.,48.076
CX-29,29,4.228,0.591,0.183,1.221,2.029,2000.,47.139
CX-29,29,4.228,0.591,0.183,1.221,2.029,2100.,39.745
CX-29,29,4.228,0.591,0.183,1.221,2.029,2200.,44.445
CX-29,29,4.228,0.591,0.183,1.221,2.029,2300.,44.496
CX-29,29,4.228,0.591,0.183,1.221,2.029,2400.,36.982
CX-29,29,4.228,0.591,0.183,1.221,2.029,2500.,41.545
CX-29,29,4.228,0.591,0.183,1.221,2.029,2600.,43.421
CX-29,29,4.228,0.591,0.183,1.221,2.029,2700.,34.284
CX-29,29,4.228,0.591,0.183,1.221,2.029,2800.,32.768
CX-29,29,4.228,0.591,0.183,1.221,2.029,2900.,30.073
CX-29,29,4.228,0.591,0.183,1.221,2.029,3100.,26.354
CX-29,29,4.228,0.591,0.183,1.221,2.029,3200.,29.202
CX-29,29,4.228,0.591,0.183,1.221,2.029,3300.,25.370
CX-29,29,4.228,0.591,0.183,1.221,2.029,3400.,24.911
CX-29,29,4.228,0.591,0.183,1.221,2.029,3500.,21.678
CX-29,29,4.228,0.591,0.183,1.221,2.029,3600.,16.973
CX-29,29,4.228,0.591,0.183,1.221,2.029,3800.,18.275
CX-29,29,4.228,0.591,0.183,1.221,2.029,3900.,23.804
CX-30,30,0.522,5.092,0.557,1.085,3.994,300.,79.961
CX-30,30,0.522,5.092,0.557,1.085,3.994,400.,78.759
CX-30,30,0.522,5.092,0.557,1.085,3.994,500.,71.962
CX-30,30,0.522,5.092,0.557,1.085,3.994,600.,68.342
CX-30,30,0.522,5.092,0.557,1.085,3.994,800.,83.561
CX-30,30,0.522,5.092,0.557,1.085,3.994,900.,73.451
CX-30,30,0.522,5.092,0.557,1.085,3.994,1000.,63.158
CX-30,30,0.522,5.092,0.557,1.085,3.994,1100.,64.484
CX-30,30,0.522,5.092,0.557,1.085,3.994,1300.,64.446
CX-30,30,0.522,5.092,0.557,1.085,3.994,1400.,57.567
CX-30,30,0.522,5.092,0.557,1.085,3.994,1500.,60.642
CX-30,30,0.522,5.092,0.557,1.085,3.994,1600.,52.807
CX-30,30,0.522,5.092,0.557,1.085,3.994,1800.,50.885
CX-30,30,0.522,5.092,0.557,1.085,3.994,1900.,50.721
CX-30,30,0.522,5.092,0.557,1.085,3.994,2000.,47.368
CX-30,30,0.522,5.092,0.557,1.085,3.994,2100.,35.946
CX-30,30,0.522,5.092,0.557,1.085,3.994,2200.,46.913
CX-30,30,0.522,5.092,0.557,1.085,3.994,2300.,46.753
CX-30,30,0.522,5.092,0.557,1.085,3.994,2400.,46.503
CX-30,30,0.522,5.092,0.557,1.085,3.994,2500.,37.868
CX-30,30,0.522,5.092,0.557,1.085,3.994,2700.,42.101
CX-30,30,0.522,5.092,0.557,1.085,3.994,2900.,39.142
CX-30,30,0.522,5.092,0.557,1.085,3.994,3100.,27.036
CX-30,30,0.522,5.092,0.557,1.085,3.994,3200.,23.826
CX-30,30,0.522,5.092,0.557,1.085,3.994,3300.,36.204
CX-30,30,0.522,5.092,0.557,1.085,3.994,3400.,28.066
CX-30,30,0.522,5.092,0.557,1.085,3.994,3500.,36.892
CX-30,30,0.522,5.092,0.557,1.085,3.994,3800.,39.879
CX-30,30,0.522,5.092,0.557,1.085,3.994,3900.,25.414
CX-30,30,0.522,5.092,0.557,1.085,3.994,4000.,24.057
CX-30,30,0.522,5.092,0.557,1.085,3.994,4100.,26.644
CX-30,30,0.522,5.092,0.557,1.085,3.994,4200.,29.299
CX-30,30,0.522,5.092,0.557,1.085,3.994,4300.,19.492
CX-30,30,0.522,5.092,0.557,1.085,3.994,4400.,30.666
CX-30,30,0.522,5.092,0.557,1.085,3.994,4500.,28.683
CX-30,30,0.522,5.092,0.557,1.085,3.994,4600.,26.342
CX-31,31,2.357,0.301,8.086,0.74,1.447,300.,87.081
CX-31,31,2.357,0.301,8.086,0.74,1.447,400.,83.242
CX-31,31,2.357,0.301,8.086,0.74,1.447,500.,84.731
CX-31,31,2.357,0.301,8.086,0.74,1.447,600.,83.027
CX-31,31,2.357,0.301,8.086,0.74,1.447,800.,79.341
CX-31,31,2.357,0.301,8.086,0.74,1.447,900.,77.862
CX-31,31,2.357,0.301,8.086,0.74,1.447,1000.,73.416
CX-31,31,2.357,0.301,8.086,0.74,1.447,1100.,62.432
CX-31,31,2.357,0.301,8.086,0.74,1.447,1200.,64.582
CX-31,31,2.357,0.301,8.086,0.74,1.447,1400.,62.385
CX-31,31,2.357,0.301,8.086,0.74,1.447,1500.,73.245
CX-31,31,2.357,0.301,8.086,0.74,1.447,1600.,60.920
CX-31,31,2.357,0.301,8.086,0.74,1.447,1700.,64.772
CX-31,31,2.357,0.301,8.086,0.74,1.447,1800.,67.101
CX-31,31,2.357,0.301,8.086,0.74,1.447,1900.,59.873
CX-31,31,2.357,0.301,8.086,0.74,1.447,2000.,54.710
CX-31,31,2.357,0.301,8.086,0.74,1.447,2100.,53.716
CX-31,31,2.357,0.301,8.086,0.74,1.447,2200.,48.617
CX-31,31,2.357,0.301,8.086,0.74,1.447,2300.,53.847
CX-31,31,2.357,0.301,8.086,0.74,1.447,2400.,56.578
CX-31,31,2.357,0.301,8.086,0.74,1.447,2500.,52.445
CX-32,32,7.419,0.531,1.171,2.025,3.481,400.,75.094
CX-32,32,7.419,0.531,1.171,2.025,3.481,500.,73.172
CX-33,33,4.763,1.136,0.253,0.744,1.895,200.,77.130
CX-33,33,4.763,1.136,0.253,0.744,1.895,300.,79.844
CX-33,33,4.763,1.136,0.253,0.744,1.895,400.,74.411
CX-33,33,4.763,1.136,0.253,0.744,1.895,500.,71.741
CX-33,33,4.763,1.136,0.253,0.744,1.895,600.,61.020
CX-33,33,4.763,1.136,0.253,0.744,1.895,800.,67.993
CX-33,33,4.763,1.136,0.253,0.744,1.895,900.,61.577
CX-33,33,4.763,1.136,0.253,0.744,1.895,1000.,68.531
CX-33,33,4.763,1.136,0.253,0.744,1.895,1100.,61.008
CX-33,33,4.763,1.136,0.253,0.744,1.895,1300.,48.078
CX-33,33,4.763,1.136,0.253,0.744,1.895,1400.,44.839
CX-33,33,4.763,1.136,0.253,0.744,1.895,1500.,55.566
CX-33,33,4.763,1.136,0.253,0.744,1.895,1600.,43.617
CX-33,33,4.763,1.136,0.253,0.744,1.895,1700.,49.660
CX-33,33,4.763,1.136,0.253,0.744,1.895,1800.,43.045
CX-33,33,4.763,1.136,0.253,0.744,1.895,1900.,53.440
CX-33,33,4.763,1.136,0.253,0.744,1.895,2000.,41.754
CX-33,33,4.763,1.136,0.253,0.744,1.895,2100.,47.421
CX-33,33,4.763,1.136,0.253,0.744,1.895,2200.,45.057
CX-33,33,4.763,1.136,0.253,0.744,1.895,2400.,33.327
CX-34,34,1.007,0.423,3.366,13.261,0.977,300.,79.877
CX-34,34,1.007,0.423,3.366,13.261,0.977,400.,80.764
CX-34,34,1.007,0.423,3.366,13.261,0.977,500.,60.144
CX-34,34,1.007,0.423,3.366,13.261,0.977,700.,44.100
CX-34,34,1.007,0.423,3.366,13.261,0.977,1000.,44.604
CX-34,34,1.007,0.423,3.366,13.261,0.977,1800.,23.437
CX-34,34,1.007,0.423,3.366,13.261,0.977,1900.,15.506
CX-34,34,1.007,0.423,3.366,13.261,0.977,2000.,22.725
CX-34,34,1.007,0.423,3.366,13.261,0.977,2800.,11.254
CX-34,34,1.007,0.423,3.366,13.261,0.977,2900.,0.708
CX-34,34,1.007,0.423,3.366,13.261,0.977,3900.,1.287
CX-35,35,1.289,0.53,0.873,1.918,0.988,300.,82.676
CX-36,36,0.796,0.356,3.545,7.156,0.351,400.,80.020
CX-36,36,0.796,0.356,3.545,7.156,0.351,500.,65.919
CX-36,36,0.796,0.356,3.545,7.156,0.351,600.,70.770
CX-36,36,0.796,0.356,3.545,7.156,0.351,700.,62.955
CX-36,36,0.796,0.356,3.545,7.156,0.351,800.,64.260
CX-36,36,0.796,0.356,3.545,7.156,0.351,900.,61.803
CX-36,36,0.796,0.356,3.545,7.156,0.351,1000.,61.073
CX-36,36,0.796,0.356,3.545,7.156,0.351,1300.,43.423
CX-36,36,0.796,0.356,3.545,7.156,0.351,1400.,41.861
CX-36,36,0.796,0.356,3.545,7.156,0.351,1500.,40.819
CX-36,36,0.796,0.356,3.545,7.156,0.351,1600.,31.508
CX-36,36,0.796,0.356,3.545,7.156,0.351,1700.,39.378
CX-36,36,0.796,0.356,3.545,7.156,0.351,1800.,35.010
CX-36,36,0.796,0.356,3.545,7.156,0.351,1900.,25.732
CX-37,37,0.278,1.84,3.624,2.402,0.389,0.,86.556
CX-37,37,0.278,1.84,3.624,2.402,0.389,100.,82.995
CX-37,37,0.278,1.84,3.624,2.402,0.389,300.,86.831
CX-37,37,0.278,1.84,3.624,2.402,0.389,400.,80.176
CX-37,37,0.278,1.84,3.624,2.402,0.389,700.,66.795
CX-37,37,0.278,1.84,3.624,2.402,0.389,800.,62.197
CX-37,37,0.278,1.84,3.624,2.402,0.389,900.,64.556
CX-37,37,0.278,1.84,3.624,2.402,0.389,1100.,57.372
CX-37,37,0.278,1.84,3.624,2.402,0.389,1200.,60.492
CX-37,37,0.278,1.84,3.624,2.402,0.389,1300.,60.368
CX-37,37,0.278,1.84,3.624,2.402,0.389,1400.,59.817
CX-37,37,0.278,1.84,3.624,2.402,0.389,1500.,57.056
CX-37,37,0.278,1.84,3.624,2.402,0.389,1700.,50.844
CX-37,37,0.278,1.84,3.624,2.402,0.389,1800.,53.281
CX-37,37,0.278,1.84,3.624,2.402,0.389,1900.,44.361
CX-37,37,0.278,1.84,3.624,2.402,0.389,2000.,46.985
CX-37,37,0.278,1.84,3.624,2.402,0.389,2100.,50.052
CX-37,37,0.278,1.84,3.624,2.402,0.389,2200.,46.083
CX-37,37,0.278,1.84,3.624,2.402,0.389,2400.,35.709
CX-37,37,0.278,1.84,3.624,2.402,0.389,2500.,35.058
CX-37,37,0.278,1.84,3.624,2.402,0.389,2600.,31.563
CX-37,37,0.278,1.84,3.624,2.402,0.389,2800.,46.372
CX-37,37,0.278,1.84,3.624,2.402,0.389,2900.,28.510
CX-37,37,0.278,1.84,3.624,2.402,0.389,3200.,32.476
CX-37,37,0.278,1.84,3.624,2.402,0.389,3300.,41.381
CX-37,37,0.278,1.84,3.624,2.402,0.389,3400.,36.643
CX-37,37,0.278,1.84,3.624,2.402,0.389,3500.,36.930
CX-37,37,0.278,1.84,3.624,2.402,0.389,3900.,24.452
CX-37,37,0.278,1.84,3.624,2.402,0.389,4000.,29.856
CX-37,37,0.278,1.84,3.624,2.402,0.389,4100.,40.624
CX-37,37,0.278,1.84,3.624,2.402,0.389,4200.,24.474
CX-37,37,0.278,1.84,3.624,2.402,0.389,4300.,26.004
CX-37,37,0.278,1.84,3.624,2.402,0.389,4400.,21.663
CX-37,37,0.278,1.84,3.624,2.402,0.389,4600.,21.837
CX-38,38,0.421,0.248,1.063,1.273,4.251,300.,72.319
CX-38,38,0.421,0.248,1.063,1.273,4.251,400.,77.608
CX-38,38,0.421,0.248,1.063,1.273,4.251,500.,76.675
CX-38,38,0.421,0.248,1.063,1.273,4.251,600.,70.222
CX-38,38,0.421,0.248,1.063,1.273,4.251,700.,76.470
CX-38,38,0.421,0.248,1.063,1.273,4.251,800.,75.336
CX-38,38,0.421,0.248,1.063,1.273,4.251,900.,69.418
CX-38,38,0.421,0.248,1.063,1.273,4.251,1000.,70.050
CX-38,38,0.421,0.248,1.063,1.273,4.251,1200.,71.313
CX-38,38,0.421,0.248,1.063,1.273,4.251,1400.,70.417
CX-38,38,0.421,0.248,1.063,1.273,4.251,1500.,59.945
CX-38,38,0.421,0.248,1.063,1.273,4.251,1600.,64.096
CX-38,38,0.421,0.248,1.063,1.273,4.251,1800.,64.988
CX-38,38,0.421,0.248,1.063,1.273,4.251,1900.,58.389
CX-38,38,0.421,0.248,1.063,1.273,4.251,2100.,52.243
CX-38,38,0.421,0.248,1.063,1.273,4.251,2200.,51.083
CX-38,38,0.421,0.248,1.063,1.273,4.251,2300.,52.146
CX-38,38,0.421,0.248,1.063,1.273,4.251,2400.,47.457
CX-38,38,0.421,0.248,1.063,1.273,4.251,2500.,61.574
CX-38,38,0.421,0.248,1.063,1.273,4.251,2600.,47.573
CX-38,38,0.421,0.248,1.063,1.273,4.251,2700.,51.250
CX-38,38,0.421,0.248,1.063,1.273,4.251,2800.,49.233
CX-38,38,0.421,0.248,1.063,1.273,4.251,2900.,50.483
CX-38,38,0.421,0.248,1.063,1.273,4.251,3000.,44.373
CX-38,38,0.421,0.248,1.063,1.273,4.251,3300.,36.941
CX-38,38,0.421,0.248,1.063,1.273,4.251,3400.,50.709
CX-38,38,0.421,0.248,1.063,1.273,4.251,3500.,41.228
CX-38,38,0.421,0.248,1.063,1.273,4.251,3700.,40.468
CX-38,38,0.421,0.248,1.063,1.273,4.251,3800.,40.046
CX-39,39,1.166,1.291,0.476,0.144,0.788,300.,76.991
CX-39,39,1.166,1.291,0.476,0.144,0.788,400.,70.927
CX-39,39,1.166,1.291,0.476,0.144,0.788,500.,72.221
CX-39,39,1.166,1.291,0.476,0.144,0.788,900.,67.505
CX-39,39,1.166,1.291,0.476,0.144,0.788,1000.,71.540
CX-39,39,1.166,1.291,0.476,0.144,0.788,1100.,57.651
CX-39,39,1.166,1.291,0.476,0.144,0.788,1200.,57.650
CX-39,39,1.166,1.291,0.476,0.144,0.788,1400.,62.489
CX-40,40,0.264,0.912,0.483,0.543,0.529,100.,80.653
CX-40,40,0.264,0.912,0.483,0.543,0.529,200.,78.213
CX-40,40,0.264,0.912,0.483,0.543,0.529,400.,88.453
CX-40,40,0.264,0.912,0.483,0.543,0.529,600.,78.761
CX-40,40,0.264,0.912,0.483,0.543,0.529,700.,85.134
CX-40,40,0.264,0.912,0.483,0.543,0.529,800.,77.182
CX-40,40,0.264,0.912,0.483,0.543,0.529,1100.,63.575
CX-40,40,0.264,0.912,0.483,0.543,0.529,1200.,73.594
CX-40,40,0.264,0.912,0.483,0.543,0.529,1300.,74.450
CX-40,40,0.264,0.912,0.483,0.543,0.529,1500.,63.508
CX-40,40,0.264,0.912,0.483,0.543,0.529,1600.,54.917
CX-40,40,0.264,0.912,0.483,0.543,0.529,1700.,66.668
CX-40,40,0.264,0.912,0.483,0.543,0.529,1800.,61.463
CX-40,40,0.264,0.912,0.483,0.543,0.529,1900.,62.398
CX-40,40,0.264,0.912,0.483,0.543,0.529,2000.,46.444
CX-40,40,0.264,0.912,0.483,0.543,0.529,2100.,61.050
CX-40,40,0.264,0.912,0.483,0.543,0.529,2200.,43.920
CX-40,40,0.264,0.912,0.483,0.543,0.529,2400.,51.213
CX-40,40,0.264,0.912,0.483,0.543,0.529,2500.,58.948
CX-40,40,0.264,0.912,0.483,0.543,0.529,2600.,44.383
CX-40,40,0.264,0.912,0.483,0.543,0.529,2700.,43.193
CX-40,40,0.264,0.912,0.483,0.543,0.529,2800.,49.288
CX-40,40,0.264,0.912,0.483,0.543,0.529,2900.,58.812
CX-40,40,0.264,0.912,0.483,0.543,0.529,3000.,57.718
CX-40,40,0.264,0.912,0.483,0.543,0.529,3100.,45.676
CX-40,40,0.264,0.912,0.483,0.543,0.529,3200.,52.810
CX-40,40,0.264,0.912,0.483,0.543,0.529,3300.,49.819
CX-40,40,0.264,0.912,0.483,0.543,0.529,3400.,47.358
CX-40,40,0.264,0.912,0.483,0.543,0.529,3500.,46.969
CX-40,40,0.264,0.912,0.483,0.543,0.529,3600.,40.727
CX-40,40,0.264,0.912,0.483,0.543,0.529,3700.,47.534
CX-40,40,0.264,0.912,0.483,0.543,0.529,3800.,48.025
CX-40,40,0.264,0.912,0.483,0.543,0.529,3900.,55.431
CX-40,40,0.264,0.912,0.483,0.543,0.529,4000.,45.729
CX-40,40,0.264,0.912,0.483,0.543,0.529,4100.,28.115
CX-40,40,0.264,0.912,0.483,0.543,0.529,4200.,33.603
CX-40,40,0.264,0.912,0.483,0.543,0.529,4300.,40.552
CX-40,40,0.264,0.912,0.483,0.543,0.529,4400.,38.505
CX-40,40,0.264,0.912,0.483,0.543,0.529,4500.,28.148
CX-40,40,0.264,0.912,0.483,0.543,0.529,4600.,36.054
CX-40,40,0.264,0.912,0.483,0.543,0.529,4700.,34.277
CX-40,40,0.264,0.912,0.483,0.543,0.529,4900.,34.491
CX-41,41,4.304,1.971,0.328,0.42,0.513,0.,91.943
CX-41,41,4.304,1.971,0.328,0.42,0.513,700.,69.078
CX-41,41,4.304,1.971,0.328,0.42,0.513,800.,67.311
CX-41,41,4.304,1.971,0.328,0.42,0.513,1000.,63.283
CX-41,41,4.304,1.971,0.328,0.42,0.513,1900.,54.290
CX-42,42,0.136,0.996,3.76,0.402,0.102,400.,85.261
CX-42,42,0.136,0.996,3.76,0.402,0.102,500.,85.887
CX-42,42,0.136,0.996,3.76,0.402,0.102,800.,86.580
CX-42,42,0.136,0.996,3.76,0.402,0.102,900.,83.531
CX-42,42,0.136,0.996,3.76,0.402,0.102,1000.,69.564
CX-42,42,0.136,0.996,3.76,0.402,0.102,1100.,78.262
CX-42,42,0.136,0.996,3.76,0.402,0.102,1200.,72.843
CX-42,42,0.136,0.996,3.76,0.402,0.102,1300.,75.599
CX-42,42,0.136,0.996,3.76,0.402,0.102,1400.,71.818
CX-42,42,0.136,0.996,3.76,0.402,0.102,1500.,73.318
CX-42,42,0.136,0.996,3.76,0.402,0.102,1700.,68.346
CX-42,42,0.136,0.996,3.76,0.402,0.102,1800.,64.852
CX-42,42,0.136,0.996,3.76,0.402,0.102,2500.,62.809
CX-42,42,0.136,0.996,3.76,0.402,0.102,2700.,46.954
CX-42,42,0.136,0.996,3.76,0.402,0.102,2900.,50.348
CX-42,42,0.136,0.996,3.76,0.402,0.102,3100.,45.660
CX-42,42,0.136,0.996,3.76,0.402,0.102,3200.,48.712
CX-42,42,0.136,0.996,3.76,0.402,0.102,3300.,46.295
CX-42,42,0.136,0.996,3.76,0.402,0.102,3400.,46.738
CX-42,42,0.136,0.996,3.76,0.402,0.102,3600.,43.150
CX-42,42,0.136,0.996,3.76,0.402,0.102,3700.,42.344
CX-42,42,0.136,0.996,3.76,0.402,0.102,3800.,35.580
CX-42,42,0.136,0.996,3.76,0.402,0.102,3900.,42.737
CX-42,42,0.136,0.996,3.76,0.402,0.102,4000.,43.611
CX-43,43,0.525,5.36,1.207,1.474,0.741,200.,78.282
CX-43,43,0.525,5.36,1.207,1.474,0.741,300.,88.298
CX-43,43,0.525,5.36,1.207,1.474,0.741,400.,85.627
CX-43,43,0.525,5.36,1.207,1.474,0.741,1000.,79.185
CX-43,43,0.525,5.36,1.207,1.474,0.741,1100.,71.369
CX-43,43,0.525,5.36,1.207,1.474,0.741,1200.,66.633
CX-43,43,0.525,5.36,1.207,1.474,0.741,1500.,56.765
CX-43,43,0.525,5.36,1.207,1.474,0.741,1800.,58.012
CX-43,43,0.525,5.36,1.207,1.474,0.741,2000.,52.358
CX-43,43,0.525,5.36,1.207,1.474,0.741,2200.,46.759
CX-43,43,0.525,5.36,1.207,1.474,0.741,2600.,46.143
CX-43,43,0.525,5.36,1.207,1.474,0.741,2700.,50.742
CX-43,43,0.525,5.36,1.207,1.474,0.741,3000.,42.266
CX-43,43,0.525,5.36,1.207,1.474,0.741,3300.,33.196
CX-43,43,0.525,5.36,1.207,1.474,0.741,3600.,36.987
CX-43,43,0.525,5.36,1.207,1.474,0.741,3900.,27.018
CX-43,43,0.525,5.36,1.207,1.474,0.741,4000.,23.724
CX-43,43,0.525,5.36,1.207,1.474,0.741,4100.,33.213
CX-44,44,1.365,0.446,1.245,3.653,0.828,300.,81.166
CX-44,44,1.365,0.446,1.245,3.653,0.828,1600.,52.373
CX-44,44,1.365,0.446,1.245,3.653,0.828,2700.,28.917
CX-45,45,1.207,3.666,3.292,1.951,1.282,100.,89.538
CX-45,45,1.207,3.666,3.292,1.951,1.282,300.,77.260
CX-45,45,1.207,3.666,3.292,1.951,1.282,400.,90.643
CX-45,45,1.207,3.666,3.292,1.951,1.282,600.,77.664
CX-45,45,1.207,3.666,3.292,1.951,1.282,800.,64.459
CX-45,45,1.207,3.666,3.292,1.951,1.282,900.,74.666
CX-45,45,1.207,3.666,3.292,1.951,1.282,1000.,67.245
CX-45,45,1.207,3.666,3.292,1.951,1.282,1100.,68.205
CX-45,45,1.207,3.666,3.292,1.951,1.282,1400.,57.236
CX-45,45,1.207,3.666,3.292,1.951,1.282,1500.,52.295
CX-46,46,2.199,1.656,1.936,3.387,1.357,0.,96.896
CX-46,46,2.199,1.656,1.936,3.387,1.357,500.,84.722
CX-46,46,2.199,1.656,1.936,3.387,1.357,600.,70.556
CX-46,46,2.199,1.656,1.936,3.387,1.357,700.,67.627
CX-46,46,2.199,1.656,1.936,3.387,1.357,800.,67.528
CX-46,46,2.199,1.656,1.936,3.387,1.357,900.,65.244
CX-46,46,2.199,1.656,1.936,3.387,1.357,1100.,50.323
CX-46,46,2.199,1.656,1.936,3.387,1.357,1200.,62.460
CX-46,46,2.199,1.656,1.936,3.387,1.357,1600.,48.486
CX-46,46,2.199,1.656,1.936,3.387,1.357,1800.,42.587
CX-46,46,2.199,1.656,1.936,3.387,1.357,1900.,44.687
CX-46,46,2.199,1.656,1.936,3.387,1.357,2500.,30.119
CX-46,46,2.199,1.656,1.936,3.387,1.357,3100.,30.855
CX-47,47,0.473,0.868,1.661,0.445,0.591,300.,81.297
CX-47,47,0.473,0.868,1.661,0.445,0.591,800.,78.919
CX-47,47,0.473,0.868,1.661,0.445,0.591,900.,68.758
CX-47,47,0.473,0.868,1.661,0.445,0.591,1100.,64.480
CX-47,47,0.473,0.868,1.661,0.445,0.591,1200.,72.012
CX-47,47,0.473,0.868,1.661,0.445,0.591,1300.,62.212
CX-47,47,0.473,0.868,1.661,0.445,0.591,1600.,65.917
CX-47,47,0.473,0.868,1.661,0.445,0.591,1700.,62.826
CX-47,47,0.473,0.868,1.661,0.445,0.591,1800.,57.994
CX-47,47,0.473,0.868,1.661,0.445,0.591,1900.,58.427
CX-47,47,0.473,0.868,1.661,0.445,0.591,2000.,58.410
CX-47,47,0.473,0.868,1.661,0.445,0.591,2100.,59.927
CX-47,47,0.473,0.868,1.661,0.445,0.591,2300.,52.169
CX-48,48,0.82,0.158,1.025,0.679,8.647,200.,86.791
CX-48,48,0.82,0.158,1.025,0.679,8.647,700.,76.965
CX-48,48,0.82,0.158,1.025,0.679,8.647,1000.,71.706
CX-49,49,1.026,0.805,1.847,1.606,3.936,0.,92.188
CX-49,49,1.026,0.805,1.847,1.606,3.936,100.,99.849
CX-49,49,1.026,0.805,1.847,1.606,3.936,200.,91.809
CX-49,49,1.026,0.805,1.847,1.606,3.936,300.,89.243
CX-49,49,1.026,0.805,1.847,1.606,3.936,600.,76.524
CX-49,49,1.026,0.805,1.847,1.606,3.936,700.,80.418
CX-49,49,1.026,0.805,1.847,1.606,3.936,800.,69.055
CX-49,49,1.026,0.805,1.847,1.606,3.936,1100.,72.980
CX-49,49,1.026,0.805,1.847,1.606,3.936,1200.,64.187
CX-49,49,1.026,0.805,1.847,1.606,3.936,1300.,68.020
CX-49,49,1.026,0.805,1.847,1.606,3.936,1400.,64.
CX-49,49,1.026,0.805,1.847,1.606,3.936,1500.,64.857
CX-49,49,1.026,0.805,1.847,1.606,3.936,1600.,63.873
CX-49,49,1.026,0.805,1.847,1.606,3.936,1700.,60.207
CX-49,49,1.026,0.805,1.847,1.606,3.936,1800.,58.667
CX-49,49,1.026,0.805,1.847,1.606,3.936,1900.,49.998
CX-49,49,1.026,0.805,1.847,1.606,3.936,2000.,46.474
CX-49,49,1.026,0.805,1.847,1.606,3.936,2100.,60.841
CX-49,49,1.026,0.805,1.847,1.606,3.936,2200.,56.010
CX-49,49,1.026,0.805,1.847,1.606,3.936,2300.,44.386
CX-49,49,1.026,0.805,1.847,1.606,3.936,2400.,60.004
CX-49,49,1.026,0.805,1.847,1.606,3.936,2500.,45.597
CX-49,49,1.026,0.805,1.847,1.606,3.936,2600.,50.467
CX-49,49,1.026,0.805,1.847,1.606,3.936,2700.,48.814
CX-49,49,1.026,0.805,1.847,1.606,3.936,2800.,46.037
CX-49,49,1.026,0.805,1.847,1.606,3.936,2900.,47.374
CX-49,49,1.026,0.805,1.847,1.606,3.936,3000.,36.329
CX-49,49,1.026,0.805,1.847,1.606,3.936,3100.,41.914
CX-49,49,1.026,0.805,1.847,1.606,3.936,3200.,39.748
CX-49,49,1.026,0.805,1.847,1.606,3.936,3300.,40.408
CX-50,50,0.481,2.422,0.428,1.437,1.419,0.,82.726
CX-50,50,0.481,2.422,0.428,1.437,1.419,400.,77.562
CX-50,50,0.481,2.422,0.428,1.437,1.419,600.,70.610
CX-50,50,0.481,2.422,0.428,1.437,1.419,800.,63.609
CX-50,50,0.481,2.422,0.428,1.437,1.419,900.,68.102
CX-51,51,0.152,0.459,1.896,1.358,0.334,400.,82.254
CX-51,51,0.152,0.459,1.896,1.358,0.334,500.,75.863
CX-51,51,0.152,0.459,1.896,1.358,0.334,700.,66.549
CX-51,51,0.152,0.459,1.896,1.358,0.334,800.,74.879
CX-51,51,0.152,0.459,1.896,1.358,0.334,900.,65.576
CX-52,52,0.459,2.427,0.241,4.422,0.555,0.,92.915
CX-52,52,0.459,2.427,0.241,4.422,0.555,100.,90.135
CX-52,52,0.459,2.427,0.241,4.422,0.555,700.,69.814
CX-52,52,0.459,2.427,0.241,4.422,0.555,900.,59.050
CX-53,53,0.138,1.446,0.608,0.34,2.624,200.,93.267
CX-53,53,0.138,1.446,0.608,0.34,2.624,600.,81.767
CX-53,53,0.138,1.446,0.608,0.34,2.624,700.,75.621
CX-53,53,0.138,1.446,0.608,0.34,2.624,900.,67.065
CX-54,54,4.419,0.491,1.107,0.351,1.003,100.,89.013
CX-54,54,4.419,0.491,1.107,0.351,1.003,200.,89.140
CX-54,54,4.419,0.491,1.107,0.351,1.003,400.,83.475
CX-54,54,4.419,0.491,1.107,0.351,1.003,700.,73.463
CX-54,54,4.419,0.491,1.107,0.351,1.003,800.,66.909
CX-54,54,4.419,0.491,1.107,0.351,1.003,900.,72.244
CX-55,55,0.39,1.176,2.288,1.837,2.06,0.,102.318
CX-55,55,0.39,1.176,2.288,1.837,2.06,100.,106.546
CX-55,55,0.39,1.176,2.288,1.837,2.06,200.,93.473
CX-55,55,0.39,1.176,2.288,1.837,2.06,300.,86.884
CX-55,55,0.39,1.176,2.288,1.837,2.06,500.,83.872
CX-55,55,0.39,1.176,2.288,1.837,2.06,600.,87.911
CX-55,55,0.39,1.176,2.288,1.837,2.06,700.,78.420
CX-55,55,0.39,1.176,2.288,1.837,2.06,800.,75.007
CX-55,55,0.39,1.176,2.288,1.837,2.06,900.,73.859
CX-56,56,0.724,2.337,1.991,0.386,2.296,0.,91.346
CX-56,56,0.724,2.337,1.991,0.386,2.296,100.,74.274
CX-56,56,0.724,2.337,1.991,0.386,2.296,200.,80.062
CX-56,56,0.724,2.337,1.991,0.386,2.296,300.,85.795
CX-56,56,0.724,2.337,1.991,0.386,2.296,400.,78.072
CX-56,56,0.724,2.337,1.991,0.386,2.296,500.,87.406
CX-56,56,0.724,2.337,1.991,0.386,2.296,600.,80.941
CX-56,56,0.724,2.337,1.991,0.386,2.296,700.,73.751
CX-56,56,0.724,2.337,1.991,0.386,2.296,800.,81.709
CX-56,56,0.724,2.337,1.991,0.386,2.296,900.,74.510
CX-57,57,0.569,2.08,1.141,0.49,0.434,0.,94.194
CX-57,57,0.569,2.08,1.141,0.49,0.434,200.,98.063
CX-57,57,0.569,2.08,1.141,0.49,0.434,300.,90.549
CX-57,57,0.569,2.08,1.141,0.49,0.434,400.,88.842
CX-57,57,0.569,2.08,1.141,0.49,0.434,600.,86.289
CX-57,57,0.569,2.08,1.141,0.49,0.434,700.,83.270
CX-57,57,0.569,2.08,1.141,0.49,0.434,800.,78.512
CX-57,57,0.569,2.08,1.141,0.49,0.434,900.,79.111
CX-58,58,2.099,0.699,5.061,3.747,1.704,0.,101.910
CX-58,58,2.099,0.699,5.061,3.747,1.704,100.,93.944
CX-58,58,2.099,0.699,5.061,3.747,1.704,200.,95.415
CX-58,58,2.099,0.699,5.061,3.747,1.704,600.,72.657
CX-58,58,2.099,0.699,5.061,3.747,1.704,700.,70.290
CX-59,59,0.307,1.159,0.223,0.957,10.135,400.,89.590
CX-60,60,0.245,0.472,2.576,0.153,1.022,400.,91.445
CX-60,60,0.245,0.472,2.576,0.153,1.022,500.,87.871
CX-61,61,1.264,3.088,1.799,1.095,0.834,300.,79.175
CX-61,61,1.264,3.088,1.799,1.095,0.834,400.,71.627
CX-61,61,1.264,3.088,1.799,1.095,0.834,500.,81.368
CX-61,61,1.264,3.088,1.799,1.095,0.834,600.,76.388
CX-61,61,1.264,3.088,1.799,1.095,0.834,700.,79.055
CX-61,61,1.264,3.088,1.799,1.095,0.834,800.,68.602
CX-61,61,1.264,3.088,1.799,1.095,0.834,900.,82.288
CX-62,62,1.52,3.026,0.851,0.401,0.374,0.,87.651
CX-62,62,1.52,3.026,0.851,0.401,0.374,300.,83.017
CX-62,62,1.52,3.026,0.851,0.401,0.374,400.,88.111
CX-62,62,1.52,3.026,0.851,0.401,0.374,500.,80.810
CX-62,62,1.52,3.026,0.851,0.401,0.374,600.,92.270
CX-62,62,1.52,3.026,0.851,0.401,0.374,800.,70.717
CX-62,62,1.52,3.026,0.851,0.401,0.374,900.,66.604
CX-63,63,3.978,0.653,1.676,0.242,1.936,300.,81.339
CX-63,63,3.978,0.653,1.676,0.242,1.936,400.,74.018
CX-63,63,3.978,0.653,1.676,0.242,1.936,500.,69.827
CX-63,63,3.978,0.653,1.676,0.242,1.936,600.,67.426
CX-63,63,3.978,0.653,1.676,0.242,1.936,700.,75.987
CX-63,63,3.978,0.653,1.676,0.242,1.936,800.,58.723
CX-63,63,3.978,0.653,1.676,0.242,1.936,900.,57.046
CX-64,64,0.621,0.604,9.673,0.505,0.481,200.,74.197
CX-64,64,0.621,0.604,9.673,0.505,0.481,300.,90.308
CX-64,64,0.621,0.604,9.673,0.505,0.481,600.,77.885
CX-64,64,0.621,0.604,9.673,0.505,0.481,700.,76.937
CX-65,65,0.929,1.805,2.043,1.829,7.647,400.,73.678
CX-66,66,0.543,1.738,0.435,0.54,3.808,400.,79.994
CX-66,66,0.543,1.738,0.435,0.54,3.808,500.,71.506
CX-66,66,0.543,1.738,0.435,0.54,3.808,600.,78.433
CX-66,66,0.543,1.738,0.435,0.54,3.808,700.,76.879
CX-66,66,0.543,1.738,0.435,0.54,3.808,800.,73.100
CX-66,66,0.543,1.738,0.435,0.54,3.808,900.,62.725
CX-67,67,0.433,1.47,2.733,0.47,0.834,0.,80.557
CX-67,67,0.433,1.47,2.733,0.47,0.834,100.,94.522
CX-67,67,0.433,1.47,2.733,0.47,0.834,200.,88.034
CX-67,67,0.433,1.47,2.733,0.47,0.834,300.,84.336
CX-67,67,0.433,1.47,2.733,0.47,0.834,400.,81.241
CX-67,67,0.433,1.47,2.733,0.47,0.834,500.,89.072
CX-67,67,0.433,1.47,2.733,0.47,0.834,600.,77.740
CX-67,67,0.433,1.47,2.733,0.47,0.834,700.,84.932
CX-67,67,0.433,1.47,2.733,0.47,0.834,900.,72.800
CX-68,68,7.622,1.292,1.277,0.944,0.747,100.,87.923
CX-69,69,0.558,0.392,1.137,5.379,1.065,400.,60.587
CX-69,69,0.558,0.392,1.137,5.379,1.065,500.,70.712
CX-69,69,0.558,0.392,1.137,5.379,1.065,600.,60.991
CX-69,69,0.558,0.392,1.137,5.379,1.065,900.,51.202
CX-70,70,0.826,1.013,7.786,0.3,0.997,300.,95.448
CX-70,70,0.826,1.013,7.786,0.3,0.997,800.,83.526
CX-70,70,0.826,1.013,7.786,0.3,0.997,900.,85.895
CX-71,71,0.703,3.96,0.475,0.551,5.302,0.,107.201
CX-71,71,0.703,3.96,0.475,0.551,5.302,100.,97.421
CX-71,71,0.703,3.96,0.475,0.551,5.302,200.,87.577
CX-71,71,0.703,3.96,0.475,0.551,5.302,300.,92.465
CX-71,71,0.703,3.96,0.475,0.551,5.302,400.,88.393
CX-71,71,0.703,3.96,0.475,0.551,5.302,500.,100.274
CX-71,71,0.703,3.96,0.475,0.551,5.302,700.,87.090
CX-71,71,0.703,3.96,0.475,0.551,5.302,800.,75.848
CX-71,71,0.703,3.96,0.475,0.551,5.302,900.,78.551
CX-72,72,1.133,0.242,0.556,0.544,0.732,0.,94.613
CX-72,72,1.133,0.242,0.556,0.544,0.732,100.,83.218
CX-72,72,1.133,0.242,0.556,0.544,0.732,300.,89.461
CX-72,72,1.133,0.242,0.556,0.544,0.732,400.,82.961
CX-72,72,1.133,0.242,0.556,0.544,0.732,500.,79.948
CX-72,72,1.133,0.242,0.556,0.544,0.732,600.,80.416
CX-72,72,1.133,0.242,0.556,0.544,0.732,700.,85.167
CX-72,72,1.133,0.242,0.556,0.544,0.732,800.,83.310
CX-73,73,0.65,0.281,0.151,0.946,0.842,400.,88.978
CX-74,74,3.052,0.296,0.729,0.491,2.097,300.,92.496
